Name,City,State,Manager,"Vintage year","Fund size","Average investment","Investment strategy","Making new investments?","Investor relations name","Investor relations email","Investor relations phone"
"1st Source Capital Corporation","South Bend",IN,"1st Source Capital Corporation",1983,2850000,283740,Multiple,No,"Andrea Short",shorta@1stsource.com,574-235-2416
"AAVIN Capital III, LP","Cedar Rapids",IA,"AAVIN Private Equity",2022,125032468,3900000,Buyout,Yes,"James D. Thorp",gmilroy@aavin.com,319-247-1072
"AAVIN Mezzanine Fund, LP","Cedar Rapids",IA,"AAVIN Private Equity",2015,37822095,704749,Mezzanine,No,"James D. Thorp",jthorp@aavin.com,319-247-1072
"Aldine Capital Fund II, L.P.",Chicago,IL,"Aldine Capital Partners",2013,46759282,1380832,Mezzanine,No,"Steve Groya",sgroya@aldinecapital.com,312-346-1006
"Aldine Capital Fund III, L.P.",Chicago,IL,"Aldine Capital Partners, Inc.",2019,185866570,4596023,Mezzanine,Yes,"Steve Groya",sgroya@aldinecapital.com,312-346-1006
"Aldine Capital Fund IV, L.P.",Chicago,IL,"Aldine Capital Partners, Inc.",2022,170220000,4482747,Mezzanine,Yes,"Steve Groya",sgroya@aldinecapital.com,312-346-1002
"Argentum Capital Partners II, L.P.","New York",NY,"Argentum Fund Management, LLC",1997,9741568,401790,Multiple,No,"Daniel Raynor, Chairman",sdberman@argentumgroup.com,212-949-6262
"Argentum Capital Partners III, L.P.","New York",NY,"Argentum Fund Management, LLC",2014,87934000,1654349,"Hybrid Debt/Equity",No,"Steven Berman",sdberman@argentumgroup.com,212-949-8511
"Argentum Capital Partners IV, L.P.","New York",NY,"Argentum Fund Management, LLC",2020,198291250,4878334,"Hybrid Debt/Equity",Yes,"Steven Berman",sdberman@argentumgroup.com,212-949-8511
"Argentum Capital Partners, LP","New York",NY,"Argentum Fund Management, LLC",1990,1061053,141067,"Hybrid Debt/Equity",No,"Daniel Raynor, Chairman",sdberman@argentumgroup.com,212-949-8272
"Argosy Investment Partners IV, L.P.",Wayne,PA,"Argosy Private Equity",2009,10719935,786044,"Hybrid Debt/Equity",No,"Kirk B. Griswold, Manager",kirk@argosycapital.com,610-971-9685
"Argosy Investment Partners SBIC VI, L.P.",Wayne,PA,"Argosy Private Equity",2021,350000000,11291744,"Hybrid Debt/Equity",Yes,"Michael R. Bailey",mbailey@argosycapital.com,610-971-9685
"Argosy Investment Partners V, L.P.",Wayne,PA,"Argosy Private Equity",2014,17360729,4789465,"Hybrid Debt/Equity",No,"Kirk B. Griswold",kirk@argosycapital.com,610-971-9685
"Avante Capital Partners SBIC III, L.P.","Los Angeles",CA,"Avante Capital Partners",2021,253882884,3425975,Mezzanine,Yes,"Clifford A. Lyon",cliff@avantecap.com,310-667-9242
"Avante Capital Partners SBIC III-A, L.P.","Los Angeles",CA,"Avante Capital Partners",2021,138558968,1013986,Mezzanine,Yes,"Clifford A. Lyon",cliff@avantecap.com,310-667-9242
"Avante Mezzanine Partners SBIC II, L.P.","Los Angeles",CA,"Avante Capital Partners",2015,121327040,4073163,Mezzanine,No,"Clifford A. Lyon",jharman@avantemezzanine.com,310-667-9242
"Avante Mezzanine Partners SBIC, L.P.","Los Angeles",CA,"Avante Capital Partners",2010,17992461,3387378,Mezzanine,No,"Clifford A. Lyon",jharman@avantemezzanine.com,310-667-9242
"Balance Point Capital Partners II, L.P.",Westport,CT,"Balance Point Capital",2015,103036478,3431865,Mezzanine,No,"Seth W. Alvord",salvord@balancepointcapital.com,203-652-8255
"Balance Point Capital Partners IV, L.P.",Westport,CT,"Balance Point Capital",2020,281313131,7181098,Mezzanine,Yes,"Seth W. Alvord",salvord@balancepointcapital.com,203-652-8255
"Ballast Point Ventures III, L.P.",Tampa,FL,"BPV Management, LLC",2014,96319250,1892659,Venture,No,"Paul Johan",pjohan@ballastpointventures.com,813-906-8500
"Ballast Point Ventures IV, L.P.",Tampa,FL,"BPV Management, LLC",2021,171492000,5171363,Venture,Yes,"Paul Johan",pjohan@ballastpointventures.com,813-906-8500
"Barings Small Business Fund, L.P.",Charlotte,NC,Barings,2020,206312029,2113657,Mezzanine,Yes,"Scott Chappell",Christina.Emery@barings.com,704-805-7671
"Bayview Capital Partners III LP",Minnetonka,MN,"Tonka Bay Equity Partners LLC",2011,51138559,754165,Buyout,No,"Shane Slominski",sSlominski@tonkabayequity.com,952-345-2032
"Bayview Capital Partners IV LP",Minnetonka,MN,"Tonka Bay Equity Partners LLC",2020,158625000,3396917,Buyout,Yes,"Steven Soderling",ssoderling@tonkabayequity.com,952-345-2031
"Blue Sage Capital II, L.P.",Austin,TX,"Blue Sage Capital",2012,56102997,3783832,"Balanced Venture",No,"Alan Mire",Alan.Mire@bluesage.com,512-536-1902
"Bluehenge Capital SBIC II, L.P.","Baton Rouge",LA,"Bluehenge Capital Management, LLC",2022,122850000,7950000,Mezzanine,Yes,"David Kocen",adkocen@bluehenge.com,225-615-3348
"Bluehenge Capital Secured Debt SBIC, LP","Baton Rouge",LA,"Bluehenge Capital Partners",2015,82344882,2959242,"Direct Lending",No,"Ari David Kocen",adkocen@bluehenge.com,225-615-3348
"Bluhaus Small Business Fund, L.P.",Guaynabo,PR,"Bluhaus Capital",2020,50625000,2288489,"Hybrid Debt/Equity",Yes,"Eduardo Inclan",einclan@bhcapllc.com,787-708-6747
"Boathouse Capital II LP",Wayne,PA,"Boathouse Capital",2014,143816861,1914069,Mezzanine,No,"Kenneth E. Jones",ken.jones@boathousecapital.com,610-977-2787
"Boathouse Capital III LP",Wayne,PA,"Boathouse Capital",2021,298000000,5820340,Multiple,Yes,"Brian Adamsky",ken.jones@boathousecapital.com,610-263-2818
"Boathouse Capital LP",Wayne,PA,"Boathouse Capital",2009,23451403,750596,Mezzanine,No,"Kenneth E. Jones",ken.jones@boathousecapital.com,610-977-2787
"Bridges Ventures U.S. Sustainable Growth Fund, L.P.",Stamford,CT,"Bridges Ventures, Inc.",2014,56648604,2136689,"Growth Equity",No,"Elizabeth Burgess",Elizabeth.burgess@bridgesfundmanagement.com,646-731-2759
"Brightwood Capital SBIC I, LP","New York",NY,"Brightwood Capital",2011,51169613,5862881,Mezzanine,No,"Selassie Sengal",sba@brightwoodlp.com,646-957-9525
"Brightwood Capital SBIC II, LP","New York",NY,"Brightwood Capital",1979,12885484,2843177,"Direct Lending",No,"Selassie Sengal",sba@brightwoodlp.com,646-957-9525
"Brightwood Capital SBIC III, L.P.","New York",NY,"Brightwood Capital Advisors, LLC",2022,190030000,3504548,"Direct Lending",Yes,"Selassie Sengal",sba@brightwoodlp.com,646-957-9534
"Brookside Mezzanine Fund II, L.P.",Stamford,CT,"Brookside Capital Partners",2008,8121128,556623,Mezzanine,No,"David D. Buttolph",csclar@brooksidemp.com,203-595-4530
"Brookside Mezzanine Fund III, L.P.",Stamford,CT,"Brookside Capital Partners",2013,95115278,2720046,Mezzanine,No,"David D. Buttolph",csclar@brooksidemp.com,203-595-4530
"Brookside Mezzanine Fund IV, L.P.",Stamford,CT,"Brookside Mezzanine Partners Management, LLC",2019,371965000,4505535,Mezzanine,Yes,"Corey Sclar",csclar@brooksidemp.com,203-595-4530
"BSCP SBIC I, L.P.",Alexandria,VA,"Boundary Street Capital",2020,329108214,7446193,Mezzanine,Yes,"Rashad Kawmy",rashad@boundarystreetcapital.com,703-837-6021
"BSCP SBIC II, L.P.",Alexandria,VA,"Boundary Street Capital",2023,100742644,,Mezzanine,Yes,"Rashad Kawmy",muhammedf@boundarystreetcapital.com,703-837-6021
"C3 Capital Partners II, L.P.","Kansas City",MO,"C3 Capital, LLC",2008,28697697,7446193,Mezzanine,No,"Julie Webb, CFO",jwebb@C3cap.com,816-756-2225
"C3 Capital Partners III, L.P.","Kansas City",MO,"C3 Capital, LLC",2012,59850857,586117,Mezzanine,No,"Julie Webb, CFO",jwebb@C3cap.com,816-756-2225
"C3 Capital Partners, LP","Kansas City",MO,"C3 Capital, LLC",2004,18257778,100655,Mezzanine,No,"Julie Webb, CFO",jwebb@C3cap.com,816-756-2225
"Caltius Partners V (SBIC), L.P.","Los Angeles",CA,"Caltius Structured Capital",2016,139500000,4990952,Mezzanine,No,"James B. Upchurch",jupchurch@caltius.com,310-996-9572
"Caltius Partners VI (SBIC), L.P.","Los Angeles",CA,"Caltius Management, LP",2022,249090000,6904074,Mezzanine,Yes,"James B. Upchurch",jupchurch@caltius.com,310-996-9572
"Cambridge Ventures, LP",Indianapolis,IN,"Cambridge Ventures, Inc.",1992,5874104,272000,Mezzanine,No,"Ms. Jean Wojtowicz, President",jwojtowicz@cambridgecapitalmgmt.com,317-814-6192
"Canapi Ventures SBIC Fund II, L.P.",Washington,DC,"Canapi Ventures",2022,269607907,5999993,"Balanced Venture",Yes,"Walker Forehand",sara@canapi.com,202-315-1818
"Canapi Ventures SBIC Fund, L.P.",Washington,DC,"CenterHarbor Canapi Ventures Investment Advisors LLC",2019,524335318,8299418,Venture,Yes,"Walker Forehand",sara@canapi.com,202-315-1818
"Capital Alignment Partners III, L.P.",Nashville,TN,"CCSC Management Services, Inc.",2017,67994440,2393423,Mezzanine,No,"R. Burton Harvey",bharvey@capfunds.com,615-915-1098
"Capital Alignment Partners IV-A, L.P.",Nashville,TN,"Capital Alignment Partners",2023,204068748,4580718,Mezzanine,Yes,"Burton Harvey",bharvey@capfunds.com,615-915-1098
"Capital Alignment Partners IV-B, L.P.",Nashville,TN,"Capital Alignment Partners",2023,84662500,2053656,Mezzanine,Yes,"Burton Harvey",bharvey@capfunds.com,615-915-1098
"Capital Southwest SBIC I, L.P.",Dallas,TX,"Capital Southwest Corporation",2021,217500000,6052381,"Direct Lending",Yes,"Michael Sarner",msarner@capitalsouthwest.com,214-238-5700
"Capitala SBIC Fund VI, L.P.",Charlotte,NC,Capitala Group,2023,97324000,479685,Mezzanine,Yes,"Joseph Alala, III",jalala@capitalgroup.com,704-376-5502
"CapitalSouth SBIC Fund IV, L.P.",Charlotte,NC,"Capital Private Advisors, LLC",2013,151651055,2303031,Mezzanine,No,"Joseph B. Alala",JAlala@capitalagroup.com,704-376-5502
"CapitalSpring SBIC II, L.P.",Nashville,TN,CapitalSpring,2023,45554000,,Mezzanine,Yes,"Richard Fitzgerald",rfitizgerald@capitalspring.com,646-651-2122
"CCP III-SBIC, L.P.",Indianapolis,IN,"Centerfield Capital Partners",2011,13608255,631888,Mezzanine,No,"Faraz Abbasi",faraz@centerfieldcapital.com,317-513-2763
"CCP IV-SBIC, L.P.",Indianapolis,IN,"Centerfield Capital Partners",2016,251861732,3457979,"Hybrid Debt/Equity",No,"Faraz Abbasi",Faraz@centerfieldcapital.com,317-513-2763
"CCP V-SBIC, L.P.",Indianapolis,IN,"Centerfield Capital Partners",2022,304748198,5130722,Mezzanine,Yes,"Faraz Abbasi",Faraz@centerfieldcapital.com,317-513-2763
"Central Valley Fund III (SBIC), L.P. (The)",Davis,CA,"CVF Capital Partners",2017,111800500,1061676,Mezzanine,No,"Edward F. McNulty",emcnulty@cvfcapitalpartners.com,530-757-7004
"Cephas Capital Partners II, L.P.",Pittsford,NY,"Chephas, LLC",2010,11700000,627727,Mezzanine,No,"Jeff Holmes",ccampbell@cephascapital.com,585-383-1610
"CFB Venture Fund L.P.","Saint Louis",MO,"CFB Partners, LLC",1959,89058832,569599,"Growth Equity",No,"Bill Witzofsky, Managing Partner",Bill.witzofsky@cfb.com,314-746-7427
"Champlain Capital Partners II, L.P.","San Francisco",CA,"Champlain Capital Partners",2014,61871194,2370065,"Hybrid Debt/Equity",No,"Dennis M. Leary",dleary@champlaincapital.com,415-281-4181
"Champlain Capital Partners III, L.P.","San Francisco",CA,"Champlain Capital Partners",2019,260200000,6445267,"Hybrid Debt/Equity",Yes,"Dennis M. Leary",dleary@champlaincapital.com,415-281-4181
"Concentric Partners I, L.P.",Raleigh,NC,"Concentric Investment Partners",2021,230618572,4715599,Mezzanine,Yes,"Corbin Graves",cgraves@concentricpartners.com,919-619-3238
"Convergent Capital Partners III, L.P.",Scottsdale,AZ,"CC Management, LLC",2014,28040670,1552509,Mezzanine,No,"Keith Bares",kbares@cvcap.com,763-432-4081
"Convergent Capital Partners IV, L.P.","Eden Prairie",MN,"MinCal Management, Inc.",2020,165703875,3479088,Mezzanine,Yes,"Matthew Grossman",mgrossman@cvcap.com,763-432-4083
"Corbel Capital Partners SBIC II, L.P.","Los Angeles",CA,"Corbel Management LLC",2022,344925642,7132143,Mezzanine,Yes,"Michael Jones",michael@corbelcap.com,310-299-2476
"Corbel Capital Partners SBIC, L.P.","Los Angeles",CA,"Corbel Capital",2017,298208903,3668577,Mezzanine,No,"Jeffrey Schwartz",jeff@corbelcap.com,310-442-7011
"Crescent Direct Lending SBIC Fund, L.P.",Boston,MA,"Crescent SBIC Management, LLC",2014,73562739,1325639,"Direct Lending",No,"Michael Rogers",michael.rogers@crescentcap.com,617-854-1501
"Crystal Financial SBIC LP",Boston,MA,"Crystal SBIC GP LLC",2013,46396366,8049420,"Direct Lending",No,"Josh Franklin, CFA, CPA",jfranklin@slrcreditsolutions.com,617-428-8708
"Cultivation Twain Seed Fund I, L.P.","St. Louis",MO,"Cultivation Twain Seed Fund I Manager, LLC",2018,10915584,217910,"Early Venture",No,"Ricky Vigil",bmatthews@cultivationcapital.com,314-565-8062
"DCA Capital Partners II, L.P.",Roseville,CA,"DCA Partners",2016,20452431,1660000,"Growth Equity",No,"Steven Mills",smills@dcacapital.com,916-650-5352
"DCA Capital Partners III SBIC, L.P.",Roseville,CA,"DCA Partners",2021,14646464,986231,Buyout,Yes,"Steven Mills",smills@dcacapital.com,916-650-5352
"Deerpath Funding Advantage IV, L.P.","New York",NY,"Deerpath Capital Management, LP",2016,218575000,810395,"Direct Lending",No,"James H. Kirby",jkirby@deerpathcapital.com,646-786-1022
"Deerpath Funding V, L.P.","New York",NY,"Deerpath Capital",2021,259958487,1393752,"Hybrid Debt/Equity",Yes,"James H. Kirby",jkirby@deerpathcapital.com,646-786-1022
"Diamond State Ventures III, L.P.","Little Rock",AR,"Diamond State Ventures",2014,31961720,457908,Mezzanine,No,"Joe T. Hays, Managing Director",jhays@dsvlp.com,501-374-9247
"Dos Rios Partners - A, L.P.",Austin,TX,"Dos Rios Partners",2013,62518976,931866,"Hybrid Debt/Equity",No,"Kevin Benoit",kevin@dosriospartners.com,512-298-1280
"Dos Rios Partners, L.P.",Austin,TX,"Dos Rios Partners",2013,62679026,931866,"Hybrid Debt/Equity",No,"Kevin Benoit",kevin@dosriospartners.com,512-298-1280
"Eagle Fund III, L.P.","Saint Louis",MO,"Eagle Private Capital, LLC",2012,43699852,1327432,Mezzanine,No,"Benjamin Geis",bgeis@eagleprivatecapital.com,314-754-1400
"Eagle Fund III-A, L.P.","Saint Louis",MO,"Eagle Private Capital, LLC",2012,25154548,387597,Mezzanine,No,"Benjamin Geis",bgeis@eagleprivatecapital.com,314-754-1400
"Eagle Fund IV, L.P.","Saint Louis",MO,"Eagle Private Capital, LLC",2018,207042092,1853026,Mezzanine,No,"Benjamin Geis",bgeis@eagleprivatecapital.com,314-754-1400
"Eagle Fund IV-A, L.P.","Saint Louis",MO,"Eagle Private Capital, LLC",2018,56906061,534266,Mezzanine,No,"Benjamin Geis",bgeis@eagleprivatecapital.com,314-754-1400
"Eagle Fund V, L.P.","St. Louis",MO,"Eagle Private Capital, LLC",2022,254459818,2631877,Mezzanine,Yes,"Benjamin Geis",bgeis@eagleprivatecapital.com,314-754-1400
"Eagle Fund V-A, L.P.","St. Louis",MO,"Eagle Private Capital, LLC",2022,60606061,593675,Mezzanine,Yes,"Benjamin Geis",bgeis@eagleprivatecapital.com,314-754-1400
"East Coast Capital Holdings Ltd.","New York",NY,"Veritas Capital Service, LLC",1986,8715545,200562,Multiple,No,"Yitzhak Zelmanovitch, CFO",yz@eastcoastcapitalholdings.com,212-686-1515
"Emigrant Capital Corporation","New York",NY,"Emigrant Capital",1999,51330537,811773,Multiple,No,"Christopher Hammond",hammondc@emigrant.com,212-850-4470
"Energy Impact Credit Fund I LP","New York",NY,"Energy Impact Partners",2018,165109841,6084087,Mezzanine,No,"Hans Kobler",sbic@energyimpactpartners.com,212-899-9700
"Energy Impact Credit Fund II LP","New York",NY,"Energy Impact Partners",2022,140807828,13666667,Mezzanine,Yes,"Harry Giovani",giovani@energyimpactpartners.com,212-899-9714
"Enhanced SBIC II, L.P.","San Francisco",CA,"Tree Line Capital Partners, LLC",2020,239951862,1894525,Mezzanine,Yes,"Michael Korengold",mkorengold@enhancedcap.com,415-795-7580
"Enhanced Small Business Investment Company, L.P.","New York",NY,"Enhanced Capital",2012,60853834,1894303,Mezzanine,No,"Michael Korengold",mkorengold@enhancedcap.com,212-207-3385
"Enlightenment Capital Solutions SBIC Fund, L.P.","Chevy Chase",MD,"Enlightenment Capital SBIC, LLC",2019,187280760,5115129,Mezzanine,Yes,"Jason Rigoli",jfrigoli@enlightenment-cap.com,240-752-9618
"Enterprise Ohio Investment Company",Dayton,OH,"CityWide Development Corporation",1981,2189500,40080,Multiple,No,"Janet White",jwhite@citywidedev.com,937-853-2541
"EPIC Venture Fund IV, LLC","Salt Lake City",UT,"Wasatch Management Partners, LLC",2009,17730906,297405,Venture,No,"Nick Efstratis",epic@cornerstone.vc,801-524-8939
"Escalate Capital IV, LP",Austin,TX,"EC Management Services, Inc.",2019,287936685,4913559,"Direct Lending",Yes,"Simon James CFO",simon@escalatecapital.com,650-269-0546
"Farragut Mezzanine Partners III, L.P.","Chevy Chase",MD,"Farragut Capital Partners",2012,5977948,1537659,Mezzanine,No,"Philip McNeill",pmcneill@farragutcapitalpartners.com,301-913-5293
"Farragut SBIC Fund II, L.P.","Chevy Chase",MD,"Farragut Capital Partners",2018,180812500,2631088,Mezzanine,No,"Philip McNeill",pmcneill@farragutcapitalpartners.com,301-913-5293
"FCP Fund II, L.P.",Omaha,NE,"First Capital Partners",2011,18783520,561852,Mezzanine,No,"Andrew B. Kemp",akemp@fcpcapital.com,402-718-8868
"FCP Fund III, L.P.",Omaha,NE,"First Capital Partners",2018,149435315,2580561,Mezzanine,No,"Andrew B. Kemp",akemp@fcpcapital.com,402-718-8868
"Fidus Mezzanine Capital II, L.P.",Evanston,IL,"Fidus Investment Advisors, LLC",2013,75750000,3781552,Mezzanine,No,"Shelby E. Sherard",ssherard@fidusinv.com,847-859-3938
"Fidus Mezzanine Capital III, L.P.",Evanston,IL,"Fidus Investment Advisors, LLC",2019,262500000,7058304,Mezzanine,Yes,"Shelby E. Sherard",ssherard@fidusinv.com,847-859-3938
"Firmament Capital Partners SBIC III, L.P.","New York",NY,Firmament,2020,329661474,6019598,Mezzanine,Yes,"Christopher D. Smith",csmith@thefirmamentgroup.com,212-956-1061
"Five Points Capital Partners IV, L.P.",Winston-Salem,NC,"Five Points Capital, Inc.",2019,227635656,11255063,Mezzanine,Yes,"Brad Clark",jhanson@fivepointscapital.com,336-733-0355
"Five Points Credit SBIC IV, L.P.",Winston-Salem,NC,"Five Points Capital, Inc.",2021,352797529,2544699,Mezzanine,Yes,"Stewart Edwards",wedwards@fivepointscapital.com,336-733-2676
"Five Points Mezzanine Fund III, L.P.",Winston-Salem,NC,"Five Points Capital, Inc.",2016,232965811,3750653,Mezzanine,No,"Brad Clark",jhanson@fivepointscapital.com,336-733-0355
"GarMark SBIC Fund II, L.P.",Stamford,CT,"GarMark Partners",2018,273450000,4242677,Mezzanine,No,"Steven C. Pickhardt",mrich@garmark.com,203-325-8500
"GarMark SBIC Fund, L.P.",Stamford,CT,"GarMark Partners",2014,50207502,3423680,Mezzanine,No,"Steven C. Pickhardt",mrich@garmark.com,203-325-8500
"Gemini Investors VI, L.P.",Wellesley,MA,"Gemini Managers, Inc.",2015,88424675,1980537,"Hybrid Debt/Equity",No,"Matthew Keis",mkeis@gemini-investors.com,781-237-7001
"Gemini Investors VII, L.P.",Wellesley,MA,"Gemini Managers, Inc.",2021,185744100,2867015,Venture,Yes,"Matthew Keis",mkeis@gemini-investors.com,781-237-7001
"GMB Mezzanine Capital II, L.P.",Minneapolis,MN,"Lakeside Capital Management, Inc.",2010,17669641,1062902,Mezzanine,No,"Tom Kreimer, CFO",tkreimer@gmbmezz.com,612-243-4415
"GMB Mezzanine Capital III, L.P.",Minneapolis,MN,"Lakeside Capital Management, Inc.",2015,171831865,3474842,Mezzanine,No,"Tom Kreimer, CFO",tkreimer@gmbmezz.com,612-243-4415
"GMB Mezzanine Capital IV, L.P.",Minneapolis,MN,"Lakeside Capital Management, Inc.",2019,344600272,4003170,Mezzanine,Yes,"Tom Kreimer, CFO",tkreimer@gmbmezz.com,612-243-4415
"GMB Mezzanine Capital V, L.P.",Minneapolis,MN,"GMB Capital Partners",2023,333661375,7003250,Mezzanine,Yes,"Tom Kreimer",tkreimer@gmbcapitalpartners.com,612-243-4405
"GP Capital Partners, LP",Houston,TX,"GPCP MGMT, LLC",2021,240642780,5995972,"Direct Lending",Yes,"Curtis Hartman",curtis.hartman@gpcapitalpartners.com,713-489-4650
"Granite Creek FlexCap II, L.P.",Chicago,IL,"Granite Creek Capital Partners, LLC",2018,198014167,4502441,Mezzanine,No,"Mark A. Radzik",Mark@GraniteCreek.com,312-895-4503
"Granite Creek FlexCap III, L.P.",Chicago,IL,"Granite Creek Capital Partners",2023,214550000,11500000,Mezzanine,Yes,"Mark A. Radzik",Mark@GraniteCreek.com,312-895-4503
"Graycliff Mezzanine II LP","New York",NY,"Graycliff Partners",2012,38908334,2836622,Mezzanine,No,"Andrew P. Trigg",atrigg@graycliffpartners.com,212-300-2903
"Graycliff Mezzanine III (SBIC) LP","New York",NY,"Graycliff Partners",2018,285690011,3040981,Mezzanine,No,"Andrew P. Trigg",atrigg@graycliffpartners.com,212-300-2903
"Graycliff Mezzanine IV (SBIC) LP","New York",NY,"Graycliff Partners",2022,154862743,4637844,Mezzanine,Yes,"Andrew P. Trigg",atrigg@graycliffpartners.com,212-300-2903
"Grayhawk Ventures Fund III, L.P.",Scottsdale,AZ,"Grayhawk Capital, LLC",2021,54787470,2799998,Venture,Yes,"Sherman I. Chu",schu@grayhawkcapital.us,602-615-2489
"Hamilton Lane National Small Business Credit Fund, L.P.",Conshohocken,PA,"Hamilton Lane Advisors, LLC",2022,64132010,,Mezzanine,Yes,"Trevor Messerly",tmesserly@hamiltonlane.com,610-617-5338
"Harbert Mezzanine Partners II SBIC, L.P.",Birmingham,AL,"Harbert Credit Solutions Funds",2006,59471219,759147,Mezzanine,No,"Amanda Brown",abrown@harbert.net,205-987-5535
"Hatteras Venture Partners IV SBIC, LP",Durham,NC,"Hatteras Venture Management, LLC",2012,12975446,752293,Venture,No,"Douglas Reed, M.D.",doug@hatterasvp.com,919-484-0730
"HCAP Partners IV, L.P.","La Jolla",CA,"HCAP Partners, LLC",2018,126944957,2958756,Mezzanine,No,"Frank N. Mora Crespo",frank@hcapllc.com,858-259-7654
"HCAP Partners V, L.P.","La Jolla",CA,"HCAP Partners, LLC",2021,257821993,7333333,Mezzanine,Yes,"Frank N. Mora Crespo",frank@hcapllc.com,858-529-7654
"Hercules Capital IV, L.P.","Palo Alto",CA,"Hercules Capital, Inc.",2020,262500000,10208333,"Balanced Venture",Yes,"Seth H. Meyer",smeyer@htgc.com,857-206-8966
"Hidden River Strategic Capital I, LP",Chesterbrook,PA,"Hidden River Strategic Capital",2022,133972000,,Mezzanine,Yes,"Steven Gord",sgord@hiddenrivercap.com,267-303-2964
"High Peaks Seed Ventures, L.P.",Williamstown,MA,"High Peaks Management Company, LLC",2011,2729942,98890,"Early Stage",No,"Anne Davey",anne@primary.vc,917-873-8147
"High Street Capital IV SBIC, L.P.",Chicago,IL,"High Street Capital",2011,12318107,2096638,"Hybrid Debt/Equity",No,"Joseph R. Katcha",chris@highstreetcapital.com,312-423-2650
"High Street Capital V SBIC, L.P.",Chicago,IL,"High Peaks Management Company, LLC",2018,147836472,7089742,"Hybrid Debt/Equity",No,"Joseph R. Katcha",chris@highstreetcapital.com,312-267-2861
"Holleway IPA Fund, L.P.","St. Louis",MO,"Holleway Capital Partners, LLC",2018,58379445,1561448,"Hybrid Debt/Equity",No,"Holly Huels",hhuels@holleway.com,314-764-4876
"Hudson Ferry Capital II, L.P.","Rye Brook",NY,"Hudson Ferry Capital Management, LLC",2010,60331805,3090000,"Hybrid Debt/Equity",No,"Timothy Ross",tross@hudsonferry.com,212-682-5205
"Hudson Venture Partners II, L.P.","New York",NY,"Hudson Management Associates, LLC",2000,10855806,500000,Venture,No,"John P. Truehart, Jr.",jtruehart@hudsonptr.com,212-644-9797
"Independent Bankers Capital Fund III, L.P.",Dallas,TX,"IBC Funds",2015,52123180,1236164,Mezzanine,No,"Barry Conrad",Bconrad@ibcfund.com,214-722-6200
"Independent Bankers Capital Fund IV, L.P.",Dallas,TX,"IBC Funds",2021,109079153,2679171,Mezzanine,Yes,"Barry Conrad",Bconrad@ibcfund.com,214-722-6203
"Innovate Capital Growth Fund, L.P.",Philadelphia,PA,"Innovate Capital Partners LLC",2022,16437375,40083,"Growth Equity",Yes,"Della Clark",dclark@theenterprisecenter.com,215-895-4005
"Invision Capital I, L.P.",Chicago,IL,"Invision Management, Inc.",2009,14680591,148522,Mezzanine,No,"Robert J. Castillo",rcastillo@invcg.com,312-236-3363
"Invision Capital II, L.P.",Chicago,IL,"Invision Management , Inc.",2016,240536619,4876585,Mezzanine,No,"Robert J. Castillo",rcastillo@invcg.com,312-543-3363
"Invision Capital III-A, L.P.",Chicago,IL,"Invision Management, Inc.",2022,242225000,16087668,Mezzanine,Yes,"Robert J. Castillo",rcastillo@invcg.com,312-543-2430
"Ironwood Capital Partners V SBIC, L.P.",Avon,CT,"Ironwood Capital",2021,133673035,1833512,Mezzanine,Yes,"Carolyn  Galiette",galiette@ironwoodcap.com,860-409-2105
"Ironwood Mezzanine Fund II LP",Avon,CT,"Ironwood Capital",2007,11789550,159910,Mezzanine,No,"Carolyn  Galiette",galiette@ironwoodcap.com,860-409-2101
"Ironwood Mezzanine Fund III-A LP",Avon,CT,"Ironwood Capital",2012,32860514,982688,Mezzanine,No,"Carolyn  Galiette",galiette@ironwoodcap.com,860-409-2101
"Ironwood Mezzanine Fund IV-A, L.P.",Avon,CT,"Ironwood Capital",2017,78845075,1649987,Mezzanine,No,"Carolyn  Galiette",galiette@ironwoodcap.com,860-409-2105
"Kansas Venture Capital, Inc.","Overland Park",KS,na,1977,23733221,318050,Mezzanine,No,"Marshall D. Parker",mparker@kvci.com,913-262-7117
"Keswick Partners Fund I, L.P.",Tampa,FL,"Keswick Partners",2023,34990000,,Buyout,Yes,"Christopher Hart",chris@keswickpartners.com,614-378-2451
"Kian Growth Partners III, L.P.",Charlotte,NC,"Kian Capital",2023,388454636,15500000,Buyout,Yes,"Kevin McCarthy",kmccarthy@kiancapital.com,704-943-2501
"Kian Mezzanine Partners I, L.P.",Charlotte,NC,"Kian Capital",2013,22756739,2872087,Mezzanine,No,"Charlie Edmondson",cedmondson@kiancapital.com,704-943-2501
"Kian Mezzanine Partners II, L.P.",Charlotte,NC,"Kian Capital Partners, LLC",2018,248235987,4070785,Mezzanine,No,"Charlie Edmondson",cedmondson@kiancapital.com,704-943-2503
"KLH Capital Fund III, L.P.",Tampa,FL,"KLH Capital Partners, L.P.",2016,72776939,2246845,Mezzanine,No,"James B. Darnell",james@klhcapital.com,813-222-0160
"Lafayette Square SBIC, LP",Miami,FL,"Lafayette Square",2023,73922500,2803301,"Direct Lending",Yes,"Damien Dwin",dwin@lafayettesquare.com,786-688-0975
"Lake Country Capital SBIC, LP",Edina,MN,"LC2 Partners, LLC",2019,182550000,1230262,Mezzanine,Yes,"Andrew P. Leonard",andrew@lakecountrycapital.com,612-800-9947
"LBC Small Cap SBIC, L.P.",Radnor,PA,"LBC Small Cap",2017,131988621,2134888,"Direct Lending",No,"Mark Tyson",mtyson@lbccredit.com,215-883-7143
"LCM Healthcare Fund I, L.P.",Dallas,TX,"Latticework Capital Management, LLC",2018,110737954,4068778,"Growth Equity",No,"Kyle Bradford",kyle.bradford@lattcap.com,917-676-6742
"Leeds Novamark Capital I, L.P.",Reston,VA,"Leeds Novamark Management, LLC",2013,24387816,3436539,"Hybrid Debt/Equity",No,"Mark Raterman",raterman@LNC-partners.com,703-651-2149
"LFE Growth Fund III, LP",Naples,FL,"LFE Capital, LLC",2014,7060972,688755,"Growth Equity",No,"Leslie Frecon",lfrecon@lfecapital.com,612-752-1801
"LFE Growth Fund IV, L.P.",Naples,FL,"LFE Capital, LLC",2022,18917839,2182500,Venture,Yes,"Kellie Bauer",Kellie@lfecapital.com,612-752-1801
"Lightspring Capital I, L.P.","St. Louis Park",MN,"Lightspring Capital Partners, LLC",2020,130404113,4572816,"Hybrid Debt/Equity",Yes,"Susan Gohman",sgohman@lightspringcapitalpartners.com,612-289-6614
"Lineage Capital II, L.P.",Boston,MA,"Lineage Capital, LLC",2015,154686605,7298468,"Hybrid Debt/Equity",No,"T. Brook Parker",sba@lineagecap.com,617-778-0672
"Lineage Capital III, L.P.",Boston,MA,"Lineage Capital, LLC",2022,180238000,11306750,"Hybrid Debt/Equity",Yes,"T. Brook Parker",sba@lineagecap.com,617-778-0672
"LiveOak Venture Partners IA, L.P.",Austin,TX,"LOVP Management Services, L.L.C.",2013,27871439,661283,Venture,No,"Venu Shamapant",venu@liveoakvp.com,512-413-5886
"LNC Partners II - SBIC, L.P.",Reston,VA,"LNC Management, LLC",2019,298192752,6715692,"Hybrid Debt/Equity",Yes,"Mark Raterman",Raterman@LNC-Partners.com,703-651-2149
"LO3 SBIC, LP",Nashville,TN,"LO3 Capital",2022,146900000,4075362,"Direct Lending",Yes,"Glenn Harrison",Glenn@lo3capital.com,732-735-5581
"Long River Ventures III, L.P.",Boston,MA,"Long River Capital Management III, LLC",2014,18600496,352384,"Growth Equity",No,"Tripp Peake",tpeake@lrvhealth.com,413-587-2155
"LongueVue Capital Partners II, LP",Metairie,LA,"LongueVue Management Company, LLC",2012,69615221,1082076,"Hybrid Debt/Equity",No,"Max Vorhoff",btoups@lvcpartners.com,504-293-3610
"LongueVue Capital Partners III, L.P.",Metairie,LA,"LongueVue Management Company, LLC",2017,221119200,5158483,"Hybrid Debt/Equity",No,"Max Vorhoff",btoups@lvcpartners.com,504-293-3610
"LongueVue Capital Partners IV, L.P.",Metairie,LA,"LongueVue Management Company, LLC",2022,272500000,6910301,"Hybrid Debt/Equity",Yes,"Becky Toups",btoups@lvcpartners.com,504-293-3607
"Main Street Capital III, L.P.",Houston,TX,"Main Street Capital Corporation",2016,262500000,3998831,"Direct Lending",No,"Kate Silva",Ksilva@MainStCapital.com,713-350-6039
"Main Street Mezzanine Fund, L.P.",Houston,TX,"Main Street Capital Corporation",2002,233333334,2029753,Mezzanine,Yes,"Kate Silva, V. Pres and Asst. Treasurer",Ksilva@MainStCapital.com,713-350-6039
"Maranon Mezzanine Fund III-B, L.P.",Chicago,IL,"Maranon Capital, L.P.",2018,168810583,3944398,Mezzanine,No,"Michael Parilla",MSP@MaranonCapital.com,312-646-1205
"Marquette Capital Fund II, L.P.","St. Louis Park",MN,"Marquette Capital, LLC",2010,35630788,1657375,Mezzanine,No,"Thomas Jenkins",tom.jenkins@marquettecapital.com,612-661-3990
"McLarty Capital Partners SBIC II, L.P.","New York",NY,"McLarty Capital Advisors SBIC, LLC",2017,151133298,3281606,Mezzanine,No,"Christopher D. Smith",csmith@thefirmamentgroup.com,212-314-0172
"McLarty Capital Partners SBIC, L.P.","New York",NY,"McLarty Capital Advisors SBIC, LLC",2014,24020629,4163404,Mezzanine,No,"Christopher D. Smith",csmith@thefirmamentgroup.com,202-956-1061
"MCM Capital Partners III Parallel Fund, L.P.",Beachwood,OH,"MCM Capital Partners",2015,8542744,775008,Buyout,No,"Kevin Hayes",kevin@mcmcapital.com,216-514-1846
"Medallion Capital, Inc.",Excelsior,MN,"Medallion Capital Inc.",1979,135008986,1215238,"Direct Lending",No,"Stephen Lewis",mvannelli@medallioncapital.com,612-804-9886
"Medallion Funding LLC","New York",NY,"Medallion Capital Inc.",1980,72093895,565641,"Direct Lending",No,"Thomas Munson",Tmunson@medallion.com,212-328-2122
"Merion Investment Partners III, L.P.",Wayne,PA,"Phineas Management, LLC",2016,137669893,2841320,Mezzanine,No,"Gayle G. Hughes",ghughes@merionpartners.com,610-230-0880
"Merion Investment Partners IV, L.P.",Wayne,PA,"Merion Investment Partners",2023,82512000,3000000,Mezzanine,Yes,"Gayle Hughes",ghughes@merionpartners.com,610-230-0880
"MidWest Mezzanine Fund V SBIC, L.P.",Chicago,IL,"Midwest Growth Partners",2014,40641330,2930629,Mezzanine,No,"Paul Kreie",pkreie@mmfcapital.com,312-291-7303
"Midwest Mezzanine Fund VI SBIC, L.P.",Chicago,IL,"Midwest Growth Partners",2018,249204493,2971279,Mezzanine,No,"Paul Kreie",pkreie@mmfcapital.com,312-291-7303
"Mizzen Capital, L.P.","New York",NY,"Mizzen Capital Management, LLC",2020,267235252,5297411,"Hybrid Debt/Equity",Yes,"Kevin Wolpert",kwolpert@mizzencapital.com,717-201-1172
"Monroe Capital Partners Fund II, LP",Chicago,IL,"Monroe Capital Partners Fund II Advisors, Inc.",2014,13689420,531913,"Direct Lending",No,"Karina Stahl",kstahl@monroecap.com,312-568-7805
"Morgan Stanley Impact SBIC LP","New York",NY,"No Investment Advisor",2014,42000000,1594745,Mezzanine,No,"Mike George, CFA",Ian.McDaniel@morganstanley.com,212-761-0439
"Mosaic Capital Investors I, LP",Charlotte,NC,"Mosaic Capital Partners, LLC",2014,90127249,2581704,Mezzanine,No,"H. Dabney Smith",dsmith@mosaic-cp.com,919-636-6164
"Mountain State Capital SBIC, L.P.",Morgantown,WV,"Mountain State Capital Management LLC",2019,19072500,200461,"Early Stage",Yes,"Matt Harbaugh",matt@mountainstatecapital.com,412-401-2909
"Mountain Ventures, Inc.",London,KY,na,1978,2081675,230000,"Direct Lending",No,"Brenda McDaniels",BMcDaniel@khic.org,606-864-5175
"Multiplier Capital II, L.P.",Washington,DC,"Multiplier Capital, LLC",2017,190450448,5176978,"Direct Lending",No,"Kevin P. Sheehan",sheehan@multipliercapital.com,917-783-3223
"Multiplier Capital III, L.P.",Washington,DC,"Multiplier Capital, LLC",2022,131613500,8500000,"Direct Lending",Yes,"Kevin P. Sheehan",sheehan@multipliercapital.com,917-783-3223
"Multiplier Capital, LP",Washington,DC,"Multiplier Capital, LLC",2012,27673887,881434,"Direct Lending",No,"Kevin P. Sheehan",sheehan@multipliercapital.com,202-971-9228
"MV Fund II SBIC, L.P.",Folsom,CA,"Moneta Venture LLC",2018,10560916,289125,"Early Stage",No,"Denise Ferre",dferre@monetaventures.com,916-270-2704
"MV Fund III SBIC, L.P.",Folsom,CA,"Moneta Ventures",2023,26526767,268882,"Early Venture",Yes,"Denise Ferre",denise@moneta.vc,916-529-9210
"New Canaan Funding Mezzanine V SBIC, LP","New Canaan",CT,"New Canaan Funding Leverage Mezzanine Advisors, LLC",2012,17899380,2102236,Mezzanine,No,"Mark Thies",mthies@newcanaanfunding.com,203-966-1071
"New Canaan Funding Mezzanine VI SBIC, LP","New Canaan",CT,"New Canaan Funding Leverage Mezzanine Advisors, LLC",2015,81809571,3274563,Mezzanine,No,"Mark Thies",mthies@newcanaanfunding.com,203-966-1071
"New Canaan Funding Mezzanine VII SBIC, L.P.",Naples,FL,"New Canaan Funding Leverage Mezzanine Advisors, LLC",2020,241300000,6236572,Mezzanine,Yes,"Mark Thies",kjones@newcanaanfunding.com,203-966-1071
"New Mountain Finance SBIC II, L.P.","New York",NY,"New Mountain Finance Advisors BDC, L.L.C.",2017,225000000,7463869,Mezzanine,No,"John R. Kline",jkline@newmountaincapital.com,212-720-0309
"New Mountain Finance SBIC, L.P.","New York",NY,"New Mountain Finance Advisors BDC, L.L.C.",2014,225000000,3431389,Mezzanine,No,"John R. Kline",jkline@newmountaincapital.com,212-720-0309
"New York Credit SBIC Fund II L.P.",Conshohocken,PA,"Hamilton Lane Advisors, LLC",2022,96284330,,Mezzanine,Yes,"Trevor Messerly",tmesserly@hamiltonlane.com,610-617-5338
"New York Credit SBIC Fund L.P.",Conshohocken,PA,"Hamilton Lane Advisors, LLC",2015,64612970,3096770,Mezzanine,No,"Trevor Messerly",tmesserly@hamiltonlane.com,610-617-5328
"NewSpring Mezzanine Capital II, L.P.",Radnor,PA,NewSpring,2011,6230650,2849352,Mezzanine,No,"Jonathan Schwartz",mkubacki@newspringcapital.com,610-567-2387
"NewSpring Mezzanine Capital III, L.P.",Radnor,PA,NewSpring,2016,124353742,3461818,Mezzanine,No,"Jonathan Schwartz",mkubacki@newspringcapital.com,610-567-2387
"NewSpring Mezzanine Capital IV, L.P.",Radnor,PA,NewSpring,2019,344542157,5033164,Mezzanine,Yes,"Jonathan Schwartz",jschwartz@newspringcapital.com,610-567-2387
"NewSpring Mezzanine Capital V, L.P.",Radnor,PA,"NewSpring Capital",2023,285842100,5451605,Mezzanine,Yes,"Anne Vazquez",avazquez@newspringcapital.com,610-567-2397
"Noro-Moseley Partners SBIC, LP",Atlanta,GA,"NMP Managemet Corporation",2013,14910612,1084017,Venture,No,"William L. Hudson",Bhudson@noro-moseley.com,404-233-1966
"North Atlantic Venture Fund V, L.P.",Portland,ME,"North Atlantic Capital Corporation",2014,76390000,1306693,Mezzanine,No,"Mark Morrissette",dcoit@northatlanticcapital.com,207-772-4470
"NorthCoast Mezzanine SBIC III, L.P.",Minneapolis,MN,"NorthCoast Mezzanine, LP",2022,198300000,2887866,Mezzanine,Yes,"Stacy Harmsen",stacy@NorthCoastMezz.com,612-843-1554
"Northcreek Mezzanine Fund II, L.P.",Cincinnati,OH,"Northcreek Management, Inc.",2014,86077691,1257104,Mezzanine,No,"Rodger Davis",rdavis@northcreekmezzanine.com,513-985-6600
"Northcreek Mezzanine Fund III, L.P.",Cincinnati,OH,"Northcreek Management, Inc.",2019,184879314,2800757,Mezzanine,Yes,"Rodger Davis",rdavis@northcreekmezzanine.com,513-985-6600
"Northstar Mezzanine Partners SBIC, L.P.",Minneapolis,MN,"Northstar Capital",2020,134601941,1791481,Mezzanine,Yes,"Christopher Kocourek",tduffy@northstarcapital.com,612-371-5718
"Norwest Strategic Capital, L.P.","Palo Alto",CA,"NVP Associates, LLC",2016,1257468746,4728207,Venture,No,"Ben Hui",bhui@nvp.com,650-289-2229
"Oaktree SBIC Fund, L.P.","New York",NY,"Oaktree Capital",2021,265239238,3423529,"Direct Lending",Yes,"Christina Lee",cslee@oaktreecapital.com,212-284-7834
"OFS SBIC I, LP","New York",NY,"OFS Capital Management, LLC",2012,69173267,4537062,"Direct Lending",No,"Bilal Rashid",brashid@ofsmanagement.com,646-652-8480
"Oxer BCP Mezzanine Fund, L.P.",Columbus,OH,"Oxer Capital",2016,55202300,1959130,Mezzanine,No,"Daniel Phlegar",,614-917-7659
"Oxer Mezzanine Fund II, L.P.",Columbus,OH,"Oxer Capital",2019,206000000,2478723,Mezzanine,Yes,"Daniel Phlegar",,614-907-7373
"Oxer Mezzanine Fund III, L.P.",Columbus,OH,"Oxer Capital",2023,146720000,1648282,Mezzanine,Yes,"Daniel Phlegar",dan.phlegar@oxercapital.com,614-907-7373
"Parliament SBIC Growth Fund, LP","San Juan",PR,"Parlaiment Capital",2022,27731667,1000000,"Direct Lending",Yes,"Rodolfo Sanchez-Colberg",wa@parliamentcapital.com,787-200-9004
"Patriot Capital III SBIC, L.P.",Baltimore,MD,"Patriot Capital",2013,105526801,2453204,Mezzanine,No,"Charles McCusker",cmccusker@patriot-capital.com,443-573-3015
"Patriot Capital IV (A), L.P.",Baltimore,MD,"Patriot Capital",2017,302972498,3664537,Mezzanine,No,"Charles McCusker",cmccusker@patriot-capital.com,443-573-3015
"Patriot Capital V, L.P.",Baltimore,MD,"Patriot Capital",2023,180306419,2009500,Mezzanine,Yes,"Charles McCusker",cmccusker@patriot-capital.com,443-573-3015
"PCI II, L.P.",Lutherville,MD,"PCI Capital Management, LLC",2020,105228000,2923116,"Hybrid Debt/Equity",Yes,"Chris Pope, Prin & Carrie Sowers, CFO",cpope@cscp.com,443-573-3714
"Pelham S2K SBIC II, L.P.","New York",NY,"Pelham S2K",2022,71500000,3625000,"Direct Lending",Yes,"Jonathan Terzi",jterzi@pelhams2k.com,212-603-9766
"Pelham S2K SBIC, L.P.","New York",NY,"Pelham S2K",2015,95199449,2516952,Mezzanine,No,"Jonathan Terzi",jterzi@pelhams2k.com,212-603-9766
"Pelion Ventures V Financial Institutions Fund, L.P.","Salt Lake City",UT,"Pelion, Inc.",2012,1132653,161099,Venture,No,"Blake Modersitzki",blake@pelionvp.com,801-365-0262
"Pelion Ventures VII Financial Institutions Fund, L.P.","Salt Lake City",UT,"Pelion, Inc.",2020,50510204,613091,Venture,Yes,"Blake Modersitzki",blake@pelionvp.com,801-365-0262
"Penta Mezzanine SBIC Fund I, L.P.","Winter Park",FL,"Penta Capital LLC",2013,53243409,725446,Mezzanine,No,"Rebecca Irish - Managing Principal/CFO",rirish@pentamezz.com,407-867-3884
"Petra Growth Fund II, L.P.",Nashville,TN,"Petra Capital",2007,38238114,271031,"Hybrid Debt/Equity",No,"Melanie Beavon, CFO",mlb@petracapital.com,615-777-5983
"Petra Growth Fund III, L.P.",Nashville,TN,"Petra Capital",2013,77346142,1330647,"Hybrid Debt/Equity",No,"Melanie Beavon, CFO",mlb@petracapital.com,615-777-5983
"Petra Growth Fund IV, L.P.",Nashville,TN,"Petra Capital",2019,207023571,3056084,Mezzanine,Yes,"Douglas B. Owen",mlb@petracapital.com,615-313-5994
"Pharos Capital Partners III-A, L.P.",Brentwood,TN,"Pharos Capital Group, LLC",2013,169536307,2214503,Mezzanine,No,"Kneeland Youngblood",jgoldberg@pharosfunds.com,615-234-5522
"Pine Street Capital Partners III, L.P.",Albany,NY,"PSCP Management, Inc.",2016,121414500,1382086,Mezzanine,No,"Michael P. Lasch",laschm@pinecap.com,518-449-9070
"Pine Street Capital Partners IV, L.P.",Albany,NY,"Pine Street Capital Partners",2023,98109385,,Mezzanine,Yes,"Tim Welles",wellest@pinecap.com,518-449-9070
"Pivotal Capital Fund II, L.P.","Menlo Park",CA,"Pivotal Capital Partners, LLC",2022,39995000,4083333,Mezzanine,Yes,"Renee Baker",renee@pivotalcp.com,650-233-5402
"Pivotal Capital Fund, LP","Menlo Park",CA,"Pivotal Capital Partners, LLC",2014,10331026,2032898,Mezzanine,No,"Renee Baker",renee@pivotalcp.com,650-233-5402
"Plexus Fund III, L.P.",Raleigh,NC,"Plexus Capital, LLC",2013,60236354,909418,Mezzanine,No,"Ronda Penn, CFO",rpenn@plexuscap.com,919-256-6355
"Plexus Fund IV-A, L.P.",Raleigh,NC,"Plexus Capital, LLC",2017,162232000,1636160,Mezzanine,No,"Ronda Penn, CFO",rpenn@plexuscap.com,919-256-6355
"Plexus Fund IV-B, L.P.",Raleigh,NC,"Plexus Capital, LLC",2017,69528000,705162,Mezzanine,No,"Ronda Penn, CFO",rpenn@plexuscap.com,919-256-6355
"Plexus Fund IV-C, L.P.",Raleigh,NC,"Plexus Capital, LLC",2017,77677196,782397,Mezzanine,No,"Ronda Penn, CFO",rpenn@plexuscap.com,919-256-6355
"Plexus Fund QP III, L.P.",Raleigh,NC,"Plexus Capital, LLC",2013,60236354,895345,Mezzanine,No,"Ronda Penn, CFO",rpenn@plexuscap.com,919-256-6355
"Plexus Fund V-A, L.P.",Raleigh,NC,"Plexus Capital, LLC",2020,250000000,1888802,Mezzanine,Yes,"Ronda Penn, CFO",rpenn@plexuscap.com,919-256-6355
"Plexus Fund V-B, L.P.",Raleigh,NC,"Plexus Capital, LLC",2020,99763840,755597,Mezzanine,Yes,"Ronda Penn, CFO",rpenn@plexuscap.com,919-256-6355
"Plexus Fund V-C, L.P.",Raleigh,NC,"Plexus Capital, LLC",2020,72387498,549869,Mezzanine,Yes,"Ronda Penn, CFO",rpenn@plexuscap.com,919-256-6355
"Praesidian Capital Opportunity Fund III, LP",Larchmont,NY,"Praesidian Capital Opportunity Management III, LLC",2011,61263422,195219,Mezzanine,No,"Linda Dignelli",jdrattell@praesidian.com,212-520-2600
"Propel Venture Partners US Fund I, L.P.","San Francisco",CA,"Propel Venture Partners Management Co., LLC",2016,150722819,2068139,Mezzanine,No,"Jay Reinemann",jay@propel.vc,415-794-9634
"QS Capital Strategies II, L.P.","New York",NY,"Quilvest Capital Partners",2020,234989000,4828931,Mezzanine,Yes,"Benton Cummings",bcummings@quilvestusa.com,212-920-3851
"RCS SBIC Fund II, L.P.",Boston,MA,"Riverside Investment Management Company, LLC",2021,280025000,8952940,"Hybrid Debt/Equity",Yes,"Doug England",dengland@riversidecompany.com,216-535-1768
"Renovus Capital Partners II, L.P.",Wayne,PA,"Renovus Associates, LLC",2016,302775000,9456000,Buyout/Growth/Hybrid,No,"Atif Gilani",Daniel.Maine@renovuscapital.com,610-848-7706
"Renovus Capital Partners III, L.P.",Wayne,PA,"Renovus Capital Partners",2021,359500000,6007544,"Hybrid Debt/Equity",Yes,"Bradley Whitman",brad.whitman@renovuscapital.com,610-848-7702
"Resolute Capital Partners Fund III, L.P.",Nashville,TN,"Resolute Capital Partners",2011,48501145,693855,Mezzanine,No,"Bill Nutter",bill@resolutecap.com,615-665-3636
"Resolute Capital Partners Fund IV, L.P.",Nashville,TN,"Resolute Capital Partners",2018,321524600,2111976,Mezzanine,No,"Bill Nutter",bill@resolutecap.com,615-665-3636
"Resolute Capital Partners Fund V-A, L.P.",Nashville,TN,"Resolute Capital Partners",2021,199245000,1822693,Mezzanine,Yes,"William Nutter",bill@resolutecap.com,615-665-3636
"Resolute Capital Partners Fund V-B, L.P.",Nashville,TN,"Resolute Capital Partners",2021,199245000,1822693,Mezzanine,Yes,"William Nutter",bill@resolutecap.com,615-665-3636
"RF Investment Partners SBIC II, L.P.","New York",NY,"RF Investment Management Company, LLC",2022,278550000,1716762,Mezzanine,Yes,"Peter Rothschild",prothschild@rf-partners.com,212-590-2440
"RF Investment Partners SBIC, L.P.","New York",NY,"RF Investment Management Company, LLC",2018,275601966,2416373,Mezzanine,No,"Peter Rothschild",prothschild@rf-partners.com,212-590-2440
"RFE Investment Partners IX, L.P.",Westport,CT,"RFE Investment Partners",2020,362303272,3590777,"Hybrid Debt/Equity",Yes,"James Parsons",djuricic@rfeip.com,203-966-2800
"River Cities Financial Institutions Fund V, L.P.",Cincinnati,OH,"River Cities Management, Inc.",2014,2585939,250098,"Growth Equity",No,"Adrienne Vannarsdall",avannarsdall@rccf.com,513-621-9700
"Riverside Micro-Cap Fund III, L.P.","New York",NY,"Riverside Partners, LLC",2014,334222017,4536281,"Hybrid Debt/Equity",No,"Doug England",dengland@riversidecompany.com,216-535-1768
"RLJ Credit Opportunity Fund I, L.P.",Bethesda,MD,"RLJ Credit Management, LLC",2012,7338114,6562500,Mezzanine,No,"Trevoir D. Gregg",tgregg@rljcredit.com,240-744-7849
"Route 2 Capital Partners SBIC II, L.P.",Greenville,SC,"Route 2 Capital Management LLC",2023,61500000,,Mezzanine,Yes,"Spalding White",swhite@route2capital.com,470-632-1554
"Route 2 Capital Partners SBIC, L.P.",Charleston,SC,"Route 2 Capital Partners",2018,205408000,3815317,Mezzanine,No,"Patrick Weston",pweston@route2capital.com,864-421-5203
"Salem Investment Partners IV, Limited Partnership",Greensboro,NC,"Salem Investment Partners",2015,111000000,1686125,Mezzanine,No,"Philip W. Martin",kjessup@salemip.com,704-578-4091
"Salem Investment Partners V, Limited Partnership",Greensboro,NC,"Salem Investment Partners",2021,185040000,2739635,Mezzanine,Yes,"Kevin Jessup",kjessup@salemip.com,704-578-4091
"Saratoga Investment Corp. SBIC II LP","New York",NY,"Saratoga Investment Advisors",2019,262500000,5358164,"Direct Lending",Yes,"Michael Grisius",mgrisius@saratogapartners.com,212-906-7333
"Saratoga Investment Corp. SBIC III LP","New York",NY,"Saratoga Investment Advisors",2022,200100000,7137000,"Direct Lending",Yes,"Michael Grisius",mgrisius@saratogapartners.com,212-906-7333
"Saratoga Investment Corp. SBIC LP","New York",NY,"Saratoga Investment Advisors",2012,102000000,4329976,"Direct Lending",No,"Michael Grisius",hsteenkamp@saratogapartners.com,212-906-7966
"SBJ Fund, LP","Walnut Creek",CA,"SBJ Capital",2014,147745136,3579455,"Hybrid Debt/Equity",No,"Gus Spanos",sbamessages@sbjcap.com,415-848-1990
"Seacoast Capital Partners III, L.P.",Danvers,MA,"Seacoast Capital",2011,31882956,1820620,"Hybrid Debt/Equity",No,"Thomas Gorman",tgorman@seacoastcapital.com,978-750-1311
"Seacoast Capital Partners IV, L.P.",Danvers,MA,"Seacoast Capital",2016,179534108,2840172,"Hybrid Debt/Equity",No,"Thomas Gorman",jstroh@seacoastcapital.com,978-750-1300
"Seacoast Capital Partners V, L.P.",Danvers,MA,"Seacoast Capital Partners",2023,72430030,4599849,"Hybrid Debt/Equity",Yes,"Thomas Gorman",tgorman@seacoastcapital.com,978-750-1300
"Serra Capital (SBIC) III, L.P.",Champaign,IL,"Serra Partners III SBIC, LLC",2019,18457696,216904,Venture,Yes,"Dennis E. Beard",dennis@serraventures.com,217-819-5202
"SharpVue Capital Credit Fund II, L.P.",Raleigh,NC,"SharpVue Capital",2021,175870833,3387403,Mezzanine,Yes,"James Burke",James.Burke@sharpvuecap.com,919-890-0528
"Siguler Guff SBIC Fund II, L.P.","New York",NY,"Siguler Guff & Company",2023,23413067,,Mezzanine,Yes,"Sean J. Greene",sgreene@sigulerguff.com,202-415-8020
"Siguler Guff SBIC Fund, L.P.","New York",NY,"Siguler Guff & Company",2019,54638054,1111226,Mezzanine,Yes,"Sean J. Greene",sgreene@sigulerguff.com,617-648-2134
"Silver Lake Waterman Fund II, L.P.","Menlo Park",CA,"Silver Lake Waterman Mangement Company, LLC",2015,107968334,4195391,"Direct Lending",No,"Thomas Conneely",tom.conneely@silverlake.com,415-525-8705
"Silver Lake Waterman Fund III-S, L.P.","Menlo Park",CA,"Silver Lake Waterman Mangement Company, LLC",2022,175000000,2140298,"Direct Lending",Yes,"Thomas Conneely",tom.conneely@silverlake.com,415-730-8858
"SJF Ventures III, LP",Durham,NC,"SJF Management LLC",2012,,501698,Expansion,No,"David A. Kirkpatrick",dkirk@sjfventures.com,919-530-1177
"Small Business Community Capital II, L.P.",Norwalk,CT,"Small Business Community Capital, LLC",2015,110458008,1501281,Mezzanine,No,"Jay C. Garcia",jgarcia@sbccfund.com,646-206-3284
"Source Capital Credit Opportunities IV, L.P.",Atlanta,GA,"Source Capital, LLC",2021,186845752,3449864,"Direct Lending",Yes,"Tom Harbin",JeremyStandrod@source-cap.com,404-249-9330
"Southfield Mezzanine Capital II, L.P.",Greenwich,CT,"Southfield Mezzanine Associates LLC",2020,173600000,2446164,Buyout,Yes,"Steven A. Axel",saxel@southfieldmezz.com,203-813-4100
"Southfield Mezzanine Capital LP",Greenwich,CT,"Southfield Mezzanine Associates LLC",2013,76480688,1780491,Buyout,No,"Steven A. Axel",saxel@southfieldmezz.com,203-813-4100
"Spell Capital Mezzanine Partners SBIC II, L.P.",Minneapolis,MN,"Spell Capital Partners, LLC",2018,204946142,2548872,Mezzanine,No,"Andrea Nelson",stacy@spellcapital.com,612-843-1545
"Spring Capital Partners III, L.P.",Lutherville,MD,"Spring Capital Partners",2013,58237770,1901184,Mezzanine,No,"Robert M. Stewart",rms@springcap.com,410-685-8007
"Spring Capital Partners IV, L.P.",Lutherville,MD,"Spring Capital Partners",2020,183500000,3522726,"Hybrid Debt/Equity",Yes,"John Charles Acker",JCA@springcap.com,410-685-8007
"St. Cloud Capital Partners III SBIC, LP","Los Angeles",CA,"St. Cloud Capital, LLC",2015,145436103,2036001,Mezzanine,No,"Kacy Rozelle",krozelle@stcloudcapital.com,310-475-2700
"St. Cloud Capital Partners IV SBIC, L.P.","Los Angeles",CA,"St. Cloud Capital, LLC",2022,132945000,4527778,Mezzanine,Yes,"Kacy Rozelle",krozelle@stcloudcapital.com,310-475-2700
"Star Mountain SBIC Fund, L.P.","New York",NY,"Star Mountain Capital",2021,290580000,3996202,Mezzanine,Yes,"Brett Hickey",brett.hickey@starmountaincapital.com,646-787-0222
"Stellus Capital SBIC II LP",Houston,TX,"Stellus Capital Management",2019,262500000,7828660,"Balanced Venture",Yes,"W. Todd Huskinson",vgarcia@stelluscapital.com,713-292-5414
"Stellus Capital SBIC LP",Houston,TX,"Stellus Capital Management",2014,225000000,7269934,"Balanced Venture",No,"W. Todd Huskinson",Thuskinson@stelluscapital.com,713-292-5414
"Stonehenge Community Impact Fund, L.P.",Columbus,OH,"Stonehenge Community Development, LLC",2020,178023240,5288072,"Hybrid Debt/Equity",Yes,"L'Quentus Thomas",lthomas@stonehengecapital.com,614-545-7244
"Stonehenge Growth Equity Fund, L.P.",Tampa,FL,"Stonehenge Growth Management, LLC",2013,10662834,625476,"Growth Equity",No,"Steven F. Lux",sflux@stonehengegep.com,813-221-8302
"Stonehenge Opportunity Fund III, L.P.",Columbus,OH,"Stonehenge Partners Corp.",2010,32317698,2903412,"Hybrid Debt/Equity",No,"Erin N. Bender, CPA",enbender@stonehengepartners.com,614-246-2500
"Stonehenge Opportunity Fund III-B, L.P.",Columbus,OH,"Stonehenge Partners Corp.",2010,4998907,485605,"Hybrid Debt/Equity",No,"Erin N. Bender, CPA",enbender@stonehengepartners.com,614-246-2500
"Stonehenge Opportunity Fund IV, L.P.",Columbus,OH,"Stonehenge Partners Corp.",2017,237434578,5944733,"Hybrid Debt/Equity",No,"Erin N. Bender, CPA",enbender@stonehengepartners.com,614-246-2476
"Stonehenge Opportunity Fund V, L.P.",Columbus,OH,Stonehenge Partners,2023,285091815,10223748,"Hybrid Debt/Equity",Yes,"Erin N. Bender",enbender@stonehengepartners.com,614-246-2435
"Svoboda Capital Fund IV (SBIC), L.P.",Chicago,IL,"Svoboda Capital Partners LLC",2017,38385872,1819161,"Growth Equity",No,"John Simpson",jsimpson@svoco.com,312-267-8751
"Tamarix Capital Partners II, L.P.","New York",NY,Tamarix,2022,120345786,11250000,"Direct Lending",Yes,"Mark Hauser",mhauser@tamarixcapital.com,212-430-8400
"TCPC SBIC, LP","Santa Monica",CA,"Tennenbaum Capital Partners, LLC",2014,247500000,4575459,"Balanced Venture",No,"Erik L. Cuellar, CFO",erik.cuellar@blackrock.com,310-899-4954
"Tecum Capital Partners II, L.P.",Wexford,PA,"Tecum Capital",2017,179046048,3658453,Mezzanine,No,"Stephen Gurgovits",sgurgovits@tecum.com,724-602-4401
"Tecum Capital Partners III, L.P.",Wexford,PA,"Tecum Capital",2021,257897353,5851739,Mezzanine,Yes,"Stephen Gurgovis",sgurgovits@tecum.com,312-750-3617
"TGEF III, L.P.",Tampa,FL,"Topmark Partners",2020,48954299,2037500,"Growth Equity",Yes,"Steven Lux",sflux@stonehengegep.com,813-221-8302
"Trailhead Fund Limited Partnership",Minneapolis,MN,"Goldner Hawn Johnson & Morrison Incorporated",2012,42377250,5720934,"Hybrid Debt/Equity",No,"Jason T. Brass",Haagenson@ghjm.com,612-338-5912
"Triad Investments LP","New York",NY,"Triad Investments LLC",1983,919715,165832,Multiple,No,"Sahra Halpern",shalpern@bcfcapital.com,212-243-7360
"True West Capital Partners Fund II, L.P.","Los Angeles",CA,"True West Capital Partners",2015,120778238,4147744,Mezzanine,No,"Steven R. Wilkins",srw@truewestcp.com,503-517-4628
"True West Capital Partners Fund III, L.P.","Los Angeles",CA,"True West Management Company LLC",2020,222752532,3359398,Mezzanine,Yes,"Steven R. Wilkins",srw@truewestcp.com,503-517-4628
"TTGA SBIC Pioneer Fund I, L.P.",Cincinnati,OH,"The Tokarz Group Advisers, LLC",2021,168500000,6550313,Mezzanine,Yes,"David J. Williams",david.williams@ttga.com,513-725-1861
"UMB Capital Corporation","Kansas City",MO,"UMB Bank",1984,53410000,1126132,Multiple,No,"Jacquie Ward",Jacquie.Ward@umb.com,816-860-7215
"University Ventures, Inc.","New Brunswick",NJ,"University Ventures, Inc.",1970,3420832,335848,Multiple,No,"Leah Apgar",lapgar@newjerseycommunitycapital.org,732-640-2061
"Valesco Fund II, L.P.",Dallas,TX,"Valesco Industries",2016,251949798,6863820,"Hybrid Debt/Equity",No,"Daniel H. Moore",bmoore@valescoind.com,214-880-8690
"Valesco Fund III, L.P.",Dallas,TX,"Valesco Industries",2022,396743207,2100583,"Hybrid Debt/Equity",Yes,"Stephanie Drake",sdrake@valescoind.com,214-393-2533
"Walden Venture Capital VIII SBIC, L.P.","San Francisco",CA,"WaldenVC Media II, LLC",2013,73824223,822889,Venture,No,"Matt Miller",matt@waldenvc.com,415-273-4242
"Wasatch Venture Fund II, LLC","Salt Lake City",UT,"Wasatch Management Partners, LLC",1999,2947220,,Venture,No,"Nick Efstratis",epic@cornerstone.vc,801-524-8936
"Wasatch Venture Fund III, L.L.C.","Salt Lake City",UT,"Wasatch Management Partners, LLC",2001,17590108,237865,Venture,No,"Nick Efstratis",epic@cornerstone.vc,801-524-8939
"Wells Fargo Strategic Capital SBIC, L.P.",Charlotte,NC,"Wells Fargo Central Pacific Holdings. Inc",2020,200000000,6437497,"Hybrid Debt/Equity",Yes,"Tim Rafalovich",tim.rafal@wellsfargo.com,949-251-4321
"Willow Tree Credit Partners SBIC, LP","New York",NY,"Willow Tree Credit Partners",2019,195790373,6190375,"Hybrid Debt/Equity",Yes,"Mark Klingensmith, CFO",klingensmith@willowtreelp.com,212-218-1080
"Zions SBIC, L.L.C.","Salt Lake City",UT,"DWMC II, LLC",2001,100000000,538203,Multiple,No,"Nick Efstratis",epic@cornerstone.vc,801-524-8939